id_socio,dia,hora_llegada,tiempo_entre_llegadas_min,tipo_usuario,tiempo_uso_maquina_min
1,Lunes,19:05:52,8.256,Cardio,42.417
2,Martes,19:16:06,3.131,Funcional,51.836
3,Martes,20:57:46,3.64,Musculacion,39.4
4,Martes,18:29:57,5.165,Musculacion,41.349
5,Martes,18:10:16,8.64,Musculacion,62.41
6,Lunes,19:56:41,1.684,Funcional,25.976
7,Viernes,18:09:37,1.148,Cardio,33.503
8,Jueves,20:25:04,1.205,Cardio,37.738
9,Miercoles,20:18:18,0.212,Cardio,35.338
10,Sabado,09:35:10,2.656,Musculacion,71.268
11,Martes,18:01:37,1.594,Musculacion,64.296
12,Lunes,20:18:15,16.13,Cardio,41.14
13,Lunes,20:27:10,4.3,Cardio,27.97
14,Miercoles,19:06:50,5.317,Musculacion,68.323
15,Viernes,20:18:34,0.63,Musculacion,84.35
16,Jueves,20:08:53,1.63,Cardio,28.11
17,Martes,20:36:22,1.209,Cardio,26.897
18,Jueves,20:43:07,1.533,Musculacion,61.071
19,Viernes,19:01:14,2.901,Cardio,21.778
20,Jueves,20:05:05,0.01,Cardio,18.329
21,Lunes,20:21:23,0.4,Musculacion,82.405
22,Viernes,18:24:00,0.977,Cardio,27.287
23,Miercoles,18:52:55,1.25,Cardio,37.36
24,Miercoles,20:10:14,16.22,Musculacion,46.993
25,Miercoles,18:40:20,0.28,Cardio,27.02
26,Sabado,10:37:31,12.45,Musculacion,48.46
27,Martes,19:43:45,4.581,Cardio,39.183
28,Lunes,20:19:17,1.082,Musculacion,64.274
29,Sabado,10:21:33,1.746,Cardio,41.594
30,Miercoles,18:40:04,12.377,Funcional,47.952
31,Viernes,20:57:35,1.69,Cardio,29.722
32,Viernes,20:17:56,2.362,Funcional,60.326
33,Viernes,19:09:21,5.432,Musculacion,25.377
34,Viernes,19:03:55,1.048,Musculacion,47.551
35,Miercoles,19:25:49,3.708,Cardio,24.238
36,Martes,20:09:53,0.162,Cardio,17.763
37,Viernes,18:07:59,2.737,Cardio,34.72
38,Martes,18:51:21,0.09,Musculacion,53.51
39,Sabado,10:25:04,2.218,Musculacion,33.706
40,Sabado,11:31:14,10.322,Cardio,34.999
41,Miercoles,20:50:29,13.187,Cardio,42.753
42,Miercoles,18:27:43,10.78,Cardio,16.38
43,Lunes,18:29:56,1.504,Cardio,21.87
44,Lunes,20:19:17,1.063,Musculacion,64.759
45,Martes,18:19:18,8.706,Musculacion,57.199
46,Lunes,18:47:20,5.673,Cardio,40.396
47,Jueves,19:49:09,1.637,Cardio,33.604
48,Lunes,18:56:09,1.53,Cardio,39.8
49,Lunes,20:02:08,0.59,Cardio,34.41
50,Viernes,20:33:32,4.67,Cardio,33.79
51,Miercoles,19:07:15,0.36,Funcional,58.903
52,Martes,18:10:36,0.36,Cardio,41.201
53,Miercoles,20:36:55,1.005,Funcional,40.744
54,Jueves,19:54:46,5.62,Cardio,48.38
55,Lunes,19:26:14,0.912,Cardio,28.216
56,Sabado,09:54:38,1.315,Musculacion,51.283
57,Sabado,11:59:39,0.293,Musculacion,57.243
58,Viernes,18:55:06,5.53,Cardio,36.655
59,Lunes,20:34:21,4.524,Cardio,36.288
60,Viernes,18:22:55,0.395,Cardio,37.13
61,Sabado,11:37:03,5.696,Cardio,21.685
62,Jueves,18:50:05,7.01,Musculacion,53.96
63,Viernes,18:58:21,1.29,Musculacion,54.21
64,Martes,20:13:26,0.14,Musculacion,44.28
65,Jueves,20:05:05,0.06,Cardio,18.15
66,Viernes,19:10:58,1.618,Funcional,37.684
67,Lunes,20:34:21,4.46,Cardio,35.79
68,Sabado,11:40:58,1.863,Musculacion,61.795
69,Jueves,18:16:16,16.254,Musculacion,55.99
70,Jueves,20:46:58,1.264,Cardio,21.129
71,Viernes,19:43:43,0.426,Funcional,52.348
72,Miercoles,20:18:05,0.04,Cardio,23.98
73,Sabado,11:40:58,1.898,Musculacion,62.18
74,Lunes,20:55:48,1.13,Musculacion,57.73
75,Martes,19:43:45,4.61,Cardio,39.24
76,Lunes,19:06:21,0.525,Musculacion,58.697
77,Viernes,18:00:14,0.24,Cardio,36.91
78,Lunes,20:59:02,0.37,Musculacion,58.12
79,Viernes,19:51:09,3.746,Cardio,29.468
80,Viernes,20:49:25,2.299,Cardio,31.918
81,Viernes,18:56:36,1.457,Cardio,18.573
82,Viernes,19:28:34,0.26,Musculacion,69.01
83,Miercoles,19:39:02,0.519,Musculacion,51.502
84,Miercoles,18:52:55,1.26,Cardio,37.04
85,Lunes,20:54:40,9.893,Musculacion,51.08
86,Lunes,19:57:58,1.284,Cardio,31.973
87,Viernes,20:59:07,0.544,Cardio,10.021
88,Jueves,20:39:57,14.87,Cardio,40.98
89,Viernes,20:02:56,0.45,Musculacion,51.459
90,Viernes,19:17:43,6.705,Funcional,49.346
91,Martes,20:03:20,3.903,Musculacion,55.288
92,Miercoles,19:22:01,11.409,Musculacion,52.865
93,Sabado,11:16:19,7.44,Cardio,44.96
94,Viernes,20:53:02,0.227,Cardio,24.398
95,Miercoles,20:35:57,12.324,Cardio,37.138
96,Miercoles,19:25:49,3.864,Cardio,23.723
97,Viernes,18:18:34,1.244,Cardio,30.493
98,Miercoles,20:23:30,5.215,Musculacion,44.169
99,Sabado,11:40:58,1.85,Musculacion,61.89
100,Miercoles,19:30:03,4.24,Musculacion,40.43
101,Miercoles,19:54:01,6.292,Funcional,31.092
102,Miercoles,20:36:57,0.05,Funcional,47.24
103,Sabado,10:25:04,2.208,Musculacion,33.996
104,Martes,20:03:20,3.99,Musculacion,55.09
105,Lunes,18:33:17,0.299,Cardio,33.883
106,Martes,20:21:01,3.863,Musculacion,77.268
107,Sabado,10:19:47,9.33,Musculacion,76.603
108,Viernes,20:53:02,0.245,Cardio,23.71
109,Miercoles,20:15:56,5.703,Musculacion,52.485
110,Viernes,20:09:59,0.98,Musculacion,65.492
111,Lunes,19:52:11,0.463,Cardio,31.036
112,Sabado,10:05:01,0.491,Musculacion,60.414
113,Jueves,18:52:29,2.4,Cardio,31.13
114,Sabado,10:46:16,1.236,Cardio,36.079
115,Sabado,10:10:25,1.017,Cardio,17.76
116,Sabado,10:04:33,4.585,Cardio,26.039
117,Viernes,20:36:48,3.26,Musculacion,74.12
118,Jueves,19:31:09,31.06,Funcional,60.16
119,Sabado,11:05:29,10.319,Cardio,19.008
120,Viernes,18:09:41,0.08,Cardio,26.83
121,Viernes,19:09:21,5.454,Musculacion,24.546
122,Jueves,19:42:09,10.982,Musculacion,58.349
123,Jueves,20:05:05,0.062,Cardio,18.297
124,Sabado,11:55:17,11.595,Musculacion,62.034
125,Jueves,20:07:16,2.14,Funcional,59.143
126,Lunes,18:09:31,6.752,Cardio,28.333
127,Miercoles,20:10:14,16.178,Musculacion,46.811
128,Miercoles,19:42:42,3.66,Cardio,33.96
129,Lunes,18:29:56,1.481,Cardio,22.185
130,Martes,20:36:41,0.327,Cardio,25.942
131,Sabado,10:21:33,1.76,Cardio,42.53
132,Jueves,20:46:58,1.131,Cardio,20.029
133,Jueves,18:52:29,2.418,Cardio,30.614
134,Viernes,20:02:29,1.59,Musculacion,59.0
135,Lunes,20:21:02,1.783,Musculacion,62.119
136,Sabado,11:37:03,5.584,Cardio,20.906
137,Martes,19:34:01,17.54,Cardio,40.32
138,Sabado,10:44:55,6.689,Cardio,30.909
139,Viernes,19:10:58,1.657,Funcional,37.008
140,Miercoles,18:40:20,0.302,Cardio,26.7
141,Miercoles,19:54:01,6.314,Funcional,31.092
142,Lunes,20:01:32,3.632,Cardio,30.409
143,Martes,19:04:16,12.933,Funcional,52.265
144,Martes,18:19:18,8.786,Musculacion,57.168
145,Sabado,10:38:09,0.635,Musculacion,66.455
146,Miercoles,20:59:44,2.289,Cardio,26.295
147,Jueves,18:26:26,6.546,Funcional,52.137
148,Lunes,18:13:03,2.108,Cardio,23.971
149,Lunes,18:13:03,2.153,Cardio,23.891
150,Viernes,18:55:06,5.516,Cardio,37.006
151,Viernes,19:29:08,0.571,Musculacion,58.21
152,Jueves,18:36:08,7.696,Cardio,31.284
153,Lunes,19:05:52,8.287,Cardio,42.324
154,Viernes,18:57:03,0.46,Musculacion,55.58
155,Viernes,18:38:45,13.283,Musculacion,48.478
156,Martes,20:35:10,14.117,Cardio,39.496
157,Miercoles,20:18:02,2.021,Funcional,44.62
158,Sabado,09:35:10,2.68,Musculacion,71.66
159,Viernes,18:22:31,3.998,Musculacion,37.797
160,Martes,18:19:18,8.691,Musculacion,57.319
161,Lunes,19:57:58,1.204,Cardio,31.433
162,Miercoles,18:40:20,0.353,Cardio,26.902
163,Viernes,19:09:21,5.307,Musculacion,24.616
164,Sabado,10:07:19,1.17,Musculacion,57.82
165,Sabado,11:37:03,5.63,Cardio,20.53
166,Sabado,11:08:52,3.407,Musculacion,61.428
167,Martes,20:44:50,5.09,Musculacion,39.08
168,Viernes,20:58:33,0.986,Cardio,45.914
169,Miercoles,18:16:56,1.894,Musculacion,80.838
170,Lunes,19:26:14,0.99,Cardio,27.85
171,Lunes,18:02:25,0.606,Cardio,43.898
172,Jueves,19:31:09,30.983,Funcional,59.48
173,Miercoles,18:47:25,7.184,Cardio,27.523
174,Lunes,19:06:21,0.473,Musculacion,59.546
175,Viernes,18:22:55,0.41,Cardio,36.5
176,Martes,20:21:01,3.819,Musculacion,77.28
177,Jueves,20:45:34,2.44,Musculacion,49.64
178,Lunes,20:01:32,3.564,Cardio,29.605
179,Martes,20:17:10,0.92,Musculacion,83.67
180,Jueves,20:46:58,1.197,Cardio,20.852
181,Sabado,09:25:46,3.703,Cardio,32.682
182,Sabado,10:10:25,1.041,Cardio,19.346
183,Viernes,18:56:36,1.49,Cardio,18.98
184,Viernes,19:43:43,0.42,Funcional,52.067
185,Sabado,11:59:19,3.82,Cardio,29.18
186,Lunes,19:14:46,2.797,Cardio,32.502
187,Sabado,11:16:19,7.567,Cardio,44.378
188,Miercoles,20:18:05,0.086,Cardio,24.416
189,Jueves,20:02:02,7.222,Musculacion,67.34
190,Martes,19:43:45,4.535,Cardio,39.358
191,Lunes,20:21:02,1.738,Musculacion,61.935
192,Sabado,09:35:10,2.674,Musculacion,71.679
193,Lunes,18:23:38,3.55,Cardio,27.19
194,Viernes,18:25:02,0.243,Cardio,34.211
195,Miercoles,19:36:01,5.934,Musculacion,55.206
196,Viernes,18:22:31,3.95,Musculacion,38.22
197,Martes,18:10:36,0.33,Cardio,41.74
198,Sabado,11:31:14,10.272,Cardio,34.456
199,Lunes,18:32:56,2.965,Cardio,38.24
200,Sabado,10:22:51,1.31,Musculacion,33.96
201,Sabado,11:59:19,3.845,Cardio,28.525
202,Sabado,09:19:43,13.679,Cardio,35.04
203,Viernes,19:38:02,2.137,Cardio,28.474
204,Lunes,18:52:57,5.58,Cardio,39.566
205,Lunes,19:16:12,1.461,Cardio,30.123
206,Viernes,19:30:00,0.86,Cardio,35.16
207,Sabado,10:38:09,0.636,Musculacion,66.22
208,Lunes,19:54:58,2.798,Musculacion,60.007
209,Viernes,18:24:43,0.763,Musculacion,45.076
210,Viernes,20:00:46,1.069,Musculacion,44.618
211,Jueves,18:50:05,7.021,Musculacion,54.035
212,Sabado,09:31:35,5.791,Cardio,31.417
213,Lunes,19:57:58,1.303,Cardio,32.045
214,Jueves,20:53:28,0.295,Musculacion,68.785
215,Martes,18:51:21,0.162,Musculacion,53.392
216,Sabado,09:55:21,0.71,Musculacion,54.16
217,Viernes,20:52:49,3.311,Cardio,40.751
218,Viernes,20:52:49,3.4,Cardio,40.75
219,Lunes,18:20:05,3.39,Cardio,20.903
220,Viernes,20:09:59,1.038,Musculacion,65.629
221,Lunes,18:09:31,6.867,Cardio,28.14
222,Lunes,19:54:58,2.811,Musculacion,59.976
223,Lunes,18:02:39,0.226,Musculacion,74.411
224,Miercoles,19:22:01,11.448,Musculacion,53.447
225,Sabado,11:55:17,11.6,Musculacion,62.29
226,Miercoles,20:18:05,0.01,Cardio,23.666
227,Miercoles,19:42:42,3.629,Cardio,34.199
228,Martes,20:09:45,0.38,Musculacion,36.99
229,Viernes,20:00:46,1.09,Musculacion,44.8
230,Jueves,20:53:28,0.409,Musculacion,69.654
231,Lunes,18:41:43,0.387,Funcional,41.63
232,Miercoles,19:42:59,0.29,Musculacion,48.92
233,Viernes,19:43:43,0.505,Funcional,52.959
234,Sabado,11:55:31,0.223,Cardio,19.1
235,Viernes,19:17:43,6.71,Funcional,49.023
236,Viernes,18:05:07,2.393,Musculacion,71.886
237,Jueves,20:08:53,1.594,Cardio,28.045
238,Viernes,18:05:07,2.479,Musculacion,70.293
239,Jueves,20:53:08,4.381,Cardio,36.259
240,Sabado,10:22:51,1.348,Musculacion,33.57
241,Jueves,20:04:00,1.937,Cardio,33.994
242,Viernes,20:00:53,0.121,Musculacion,60.895
243,Martes,19:34:01,17.52,Cardio,40.46
244,Sabado,10:53:50,7.549,Funcional,32.43
245,Miercoles,20:35:57,12.44,Cardio,37.52
246,Lunes,19:05:52,8.311,Cardio,43.023
247,Lunes,19:14:46,2.748,Cardio,32.618
248,Lunes,20:27:10,4.231,Cardio,28.424
249,Martes,18:29:57,5.21,Musculacion,41.43
250,Miercoles,20:37:15,0.29,Musculacion,55.15
251,Martes,20:17:10,0.902,Musculacion,83.342
252,Jueves,20:05:05,0.01,Cardio,17.366
253,Martes,20:45:55,1.063,Cardio,46.045
254,Miercoles,20:36:55,0.96,Funcional,40.99
255,Viernes,18:39:27,0.693,Musculacion,63.513
256,Martes,19:59:21,9.21,Cardio,43.527
257,Viernes,19:40:24,2.36,Cardio,32.15
258,Lunes,18:56:09,1.538,Cardio,39.016
259,Sabado,09:59:52,4.52,Cardio,26.36
260,Martes,18:19:18,8.738,Musculacion,56.953
261,Martes,19:04:16,12.898,Funcional,52.283
262,Jueves,18:19:11,2.881,Cardio,36.738
263,Jueves,20:08:53,1.63,Cardio,28.44
264,Viernes,19:51:09,3.665,Cardio,28.487
265,Viernes,19:59:41,8.466,Musculacion,48.327
266,Viernes,20:59:07,0.583,Cardio,9.444
267,Lunes,20:02:08,0.665,Cardio,34.182
268,Viernes,20:02:29,1.622,Musculacion,58.874
269,Martes,19:16:06,3.042,Funcional,51.328
270,Lunes,20:27:10,4.211,Cardio,27.658
271,Sabado,11:05:29,10.274,Cardio,17.788
272,Lunes,20:27:10,4.324,Cardio,27.95
273,Sabado,11:20:54,4.526,Cardio,44.515
274,Lunes,18:13:03,2.145,Cardio,23.303
275,Sabado,11:31:26,0.2,Cardio,13.04
276,Lunes,19:54:58,2.78,Musculacion,59.85
277,Lunes,19:25:15,9.05,Cardio,43.82
278,Viernes,20:28:52,10.22,Musculacion,60.77
279,Jueves,20:05:05,0.063,Cardio,18.644
280,Miercoles,20:18:18,0.22,Cardio,34.58
281,Jueves,18:42:27,6.336,Funcional,42.304
282,Martes,18:43:44,3.797,Musculacion,51.843
283,Lunes,18:02:44,0.08,Funcional,52.67
284,Jueves,20:23:56,11.337,Cardio,31.695
285,Jueves,19:47:28,4.269,Musculacion,61.434
286,Viernes,18:24:00,1.16,Cardio,27.162
287,Lunes,20:19:17,0.976,Musculacion,63.753
288,Lunes,18:33:17,0.329,Cardio,32.557
289,Martes,18:51:15,4.896,Cardio,31.59
290,Sabado,10:55:10,1.296,Cardio,32.916
291,Sabado,11:55:31,0.287,Cardio,19.655
292,Viernes,18:05:07,2.4,Musculacion,72.289
293,Lunes,18:20:05,3.419,Cardio,21.163
294,Miercoles,20:18:05,0.071,Cardio,24.52
295,Martes,20:54:08,2.44,Cardio,16.04
296,Viernes,18:07:59,2.709,Cardio,34.51
297,Martes,20:57:56,0.128,Cardio,32.748
298,Viernes,18:17:18,3.342,Musculacion,42.74
299,Martes,19:59:21,9.301,Cardio,43.939
300,Lunes,18:23:38,3.551,Cardio,27.444
301,Jueves,20:41:31,0.542,Cardio,23.901
302,Miercoles,20:10:14,16.243,Musculacion,46.445
303,Viernes,19:43:43,0.47,Funcional,52.71
304,Viernes,19:38:02,2.215,Cardio,29.833
305,Miercoles,18:47:54,0.535,Musculacion,65.33
306,Jueves,19:42:09,11.1,Musculacion,58.617
307,Martes,20:54:08,2.446,Cardio,16.122
308,Martes,18:39:57,1.06,Funcional,53.79
309,Martes,18:43:44,3.79,Musculacion,52.12
310,Miercoles,20:37:15,0.204,Musculacion,55.0
311,Viernes,19:01:14,2.89,Cardio,22.31
312,Lunes,18:28:31,0.49,Cardio,38.58
313,Lunes,19:06:21,0.548,Musculacion,59.649
314,Viernes,20:36:48,3.202,Musculacion,73.85
315,Viernes,19:59:41,8.428,Musculacion,50.42
316,Jueves,20:04:00,1.947,Cardio,34.493
317,Viernes,20:57:35,1.578,Cardio,29.447
318,Miercoles,19:38:27,2.324,Musculacion,45.285
319,Martes,18:10:16,8.506,Musculacion,62.395
320,Sabado,11:20:54,4.593,Cardio,44.499
321,Martes,18:10:36,0.351,Cardio,41.775
322,Miercoles,20:59:44,2.422,Cardio,25.318
323,Lunes,20:44:50,10.489,Cardio,25.157
324,Viernes,20:49:25,2.271,Cardio,32.992
325,Viernes,18:22:31,3.965,Musculacion,38.52
326,Jueves,20:53:08,4.516,Cardio,36.752
327,Viernes,20:49:25,2.245,Cardio,31.842
328,Sabado,10:19:47,9.37,Musculacion,76.18
329,Sabado,10:19:47,9.427,Musculacion,76.397
330,Viernes,20:14:29,4.5,Cardio,42.85
331,Viernes,18:22:31,3.911,Musculacion,38.4
332,Lunes,18:02:39,0.23,Musculacion,73.95
333,Lunes,18:13:03,2.15,Cardio,23.9
334,Viernes,19:43:15,1.766,Cardio,33.514
335,Viernes,19:10:58,1.585,Funcional,38.133
336,Martes,20:16:14,2.91,Musculacion,50.293
337,Jueves,20:25:04,1.141,Cardio,39.504
338,Viernes,19:10:58,1.63,Funcional,37.03
339,Viernes,18:38:45,13.326,Musculacion,48.102
340,Lunes,19:11:57,5.6,Cardio,44.3
341,Viernes,20:15:35,1.078,Cardio,17.788
342,Sabado,11:31:14,10.367,Cardio,34.979
343,Martes,20:38:30,1.066,Cardio,39.757
344,Martes,19:16:06,3.139,Funcional,51.632
345,Jueves,19:49:09,1.717,Cardio,34.536
346,Viernes,18:18:34,1.228,Cardio,30.569
347,Sabado,11:31:26,0.236,Cardio,13.6
348,Miercoles,19:42:42,3.532,Cardio,33.85
349,Lunes,20:18:15,16.162,Cardio,41.529
350,Viernes,20:53:02,0.188,Cardio,24.018
351,Sabado,09:21:58,2.25,Cardio,32.01
352,Sabado,11:39:08,2.07,Cardio,36.65
353,Lunes,19:05:52,8.29,Cardio,42.85
354,Martes,20:09:22,6.057,Musculacion,41.372
355,Lunes,20:21:23,0.342,Musculacion,81.579
356,Lunes,20:21:23,0.36,Musculacion,81.29
357,Jueves,18:19:52,0.768,Funcional,55.666
358,Miercoles,18:16:56,1.87,Musculacion,80.6
359,Lunes,19:33:43,6.248,Cardio,34.919
360,Lunes,20:58:40,2.87,Cardio,42.46
361,Viernes,19:10:58,1.587,Funcional,37.435
362,Viernes,19:03:55,1.12,Musculacion,48.08
363,Miercoles,19:10:35,1.87,Cardio,34.59
364,Lunes,19:57:58,1.26,Cardio,31.463
365,Miercoles,18:51:40,3.746,Musculacion,65.136
366,Sabado,11:59:39,0.406,Musculacion,57.372
367,Martes,19:11:34,7.29,Cardio,40.36
368,Viernes,20:59:07,0.572,Cardio,10.294
369,Jueves,18:50:05,7.021,Musculacion,52.742
370,Lunes,19:49:39,6.518,Musculacion,54.751
371,Jueves,20:40:59,1.028,Cardio,20.105
372,Lunes,19:49:39,6.401,Musculacion,55.114
373,Martes,20:37:24,0.741,Cardio,45.484
374,Viernes,18:17:18,3.4,Musculacion,42.058
375,Sabado,10:22:51,1.271,Musculacion,34.079
376,Lunes,18:56:09,1.468,Cardio,40.281
377,Viernes,20:15:35,1.081,Cardio,17.209
378,Viernes,20:47:09,10.349,Funcional,40.348
379,Martes,18:51:15,4.891,Cardio,31.427
380,Viernes,20:57:35,1.613,Cardio,28.664
381,Miercoles,20:18:05,0.036,Cardio,23.53
382,Viernes,20:59:07,0.501,Cardio,10.312
383,Miercoles,20:35:57,12.395,Cardio,37.05
384,Jueves,19:47:28,4.216,Musculacion,61.122
385,Sabado,11:31:14,10.285,Cardio,34.683
386,Viernes,19:30:00,0.834,Cardio,35.143
387,Martes,18:19:18,8.7,Musculacion,57.1
388,Miercoles,19:36:01,5.977,Musculacion,54.335
389,Martes,20:36:41,0.31,Cardio,25.83
390,Sabado,09:01:53,1.964,Musculacion,53.272
391,Martes,20:39:44,1.199,Funcional,57.542
392,Miercoles,20:36:55,0.951,Funcional,40.447
393,Lunes,20:55:48,1.076,Musculacion,57.515
394,Sabado,10:45:00,0.1,Cardio,49.24
395,Viernes,18:13:56,0.346,Cardio,44.99
396,Lunes,18:28:31,0.481,Cardio,38.548
397,Viernes,19:34:09,4.183,Cardio,29.561
398,Sabado,09:06:05,4.162,Cardio,24.753
399,Lunes,18:02:25,0.653,Cardio,43.674
400,Jueves,19:49:09,1.595,Cardio,33.532
401,Jueves,18:19:52,0.682,Funcional,53.711
402,Sabado,11:31:14,10.348,Cardio,35.119
403,Jueves,20:53:08,4.46,Cardio,36.12
404,Viernes,20:47:09,10.376,Funcional,39.628
405,Viernes,20:09:59,0.982,Musculacion,64.726
406,Miercoles,18:47:25,7.08,Cardio,27.29
407,Miercoles,20:23:30,5.062,Musculacion,45.198
408,Viernes,20:17:56,2.36,Funcional,59.96
409,Lunes,20:34:21,4.548,Cardio,36.126
410,Miercoles,18:47:25,7.112,Cardio,26.942
411,Jueves,18:50:05,7.048,Musculacion,54.499
412,Miercoles,18:52:55,1.333,Cardio,35.665
413,Martes,20:39:44,1.212,Funcional,56.976
414,Sabado,09:37:36,2.44,Cardio,10.73
415,Lunes,20:19:17,1.052,Musculacion,64.125
416,Lunes,18:29:56,1.465,Cardio,22.55
417,Viernes,19:41:24,1.009,Musculacion,75.302
418,Martes,20:54:08,2.457,Cardio,16.158
419,Martes,20:51:18,5.366,Cardio,30.571
420,Sabado,11:59:19,3.911,Cardio,29.003
421,Jueves,20:53:28,0.32,Musculacion,69.46
422,Miercoles,20:23:30,5.21,Musculacion,45.07
423,Lunes,19:43:11,0.993,Cardio,29.29
424,Sabado,10:38:09,0.725,Musculacion,66.913
425,Miercoles,20:59:44,2.309,Cardio,25.042
426,Martes,19:59:21,9.29,Cardio,43.5
427,Viernes,19:30:00,0.853,Cardio,35.206
428,Miercoles,19:36:01,5.992,Musculacion,54.27
429,Miercoles,19:36:01,6.012,Musculacion,54.776
430,Lunes,19:16:12,1.43,Cardio,29.61
431,Viernes,18:10:10,0.497,Musculacion,42.534
432,Jueves,20:04:00,1.96,Cardio,33.33
433,Viernes,20:53:02,0.21,Cardio,23.9
434,Lunes,19:14:46,2.826,Cardio,32.437
435,Lunes,18:40:10,6.652,Cardio,26.405
436,Viernes,18:25:02,0.331,Cardio,34.001
437,Sabado,09:19:43,13.685,Cardio,35.373
438,Sabado,11:08:52,3.39,Musculacion,61.62
439,Viernes,18:13:36,3.423,Musculacion,54.755
440,Martes,20:45:55,1.08,Cardio,46.75
441,Lunes,18:13:03,2.121,Cardio,24.065
442,Viernes,19:29:08,0.513,Musculacion,57.061
443,Viernes,18:38:45,13.233,Musculacion,47.644
444,Viernes,18:05:16,0.055,Cardio,36.606
445,Miercoles,20:23:30,5.181,Musculacion,45.155
446,Viernes,18:17:18,3.386,Musculacion,42.203
447,Sabado,09:31:35,5.849,Cardio,30.951
448,Lunes,19:26:14,0.962,Cardio,27.7
449,Viernes,19:35:51,1.632,Musculacion,69.974
450,Martes,18:38:53,1.74,Cardio,33.17
451,Miercoles,19:25:49,3.821,Cardio,23.837
452,Viernes,18:18:34,1.259,Cardio,31.211
453,Jueves,20:41:31,0.508,Cardio,22.479
454,Jueves,20:40:59,0.928,Cardio,20.856
455,Lunes,18:02:44,0.021,Funcional,52.271
456,Miercoles,19:42:59,0.263,Musculacion,50.275
457,Sabado,09:06:05,4.2,Cardio,23.86
458,Lunes,20:44:50,10.53,Cardio,25.774
459,Lunes,19:42:12,8.554,Cardio,25.834
460,Viernes,19:03:55,1.173,Musculacion,48.538
461,Sabado,09:19:43,13.613,Cardio,35.813
462,Viernes,19:34:09,4.16,Cardio,28.63
463,Miercoles,19:42:59,0.357,Musculacion,49.011
464,Viernes,20:09:00,6.06,Cardio,24.17
465,Viernes,19:35:51,1.75,Musculacion,68.391
466,Jueves,18:16:16,16.316,Musculacion,56.642
467,Lunes,18:10:54,1.539,Cardio,28.024
468,Viernes,18:55:06,5.601,Cardio,36.564
469,Viernes,18:25:29,0.502,Cardio,31.129
470,Miercoles,20:18:05,0.079,Cardio,24.077
471,Miercoles,20:36:55,1.063,Funcional,40.99
472,Lunes,18:41:25,1.188,Cardio,33.702
473,Martes,20:13:26,0.121,Musculacion,44.448
474,Viernes,20:55:58,2.93,Funcional,28.45
475,Lunes,19:57:58,1.272,Cardio,31.627
476,Sabado,09:01:53,1.833,Musculacion,53.74
477,Martes,19:04:16,12.92,Funcional,52.4
478,Martes,20:38:30,1.09,Cardio,39.56
479,Miercoles,19:30:03,4.232,Musculacion,40.353
480,Lunes,19:33:43,6.19,Cardio,34.63
481,Lunes,20:55:48,1.148,Musculacion,57.957
482,Martes,20:09:22,5.988,Musculacion,40.831
483,Sabado,09:06:05,4.185,Cardio,24.249
484,Martes,18:51:15,4.888,Cardio,32.002
485,Sabado,09:32:29,0.89,Cardio,33.24
486,Viernes,18:38:45,13.26,Musculacion,48.08
487,Miercoles,19:36:01,5.914,Musculacion,54.741
488,Martes,20:36:41,0.422,Cardio,25.132
489,Jueves,20:08:53,1.579,Cardio,28.133
490,Miercoles,18:47:25,7.005,Cardio,27.128
491,Viernes,20:33:32,4.652,Cardio,33.231
492,Martes,19:39:08,5.13,Musculacion,55.62
493,Martes,20:09:53,0.14,Cardio,17.69
494,Lunes,19:57:58,1.234,Cardio,31.063
495,Martes,20:09:22,6.04,Musculacion,41.17
496,Viernes,20:02:29,1.602,Musculacion,58.464
497,Sabado,10:09:27,2.202,Musculacion,57.422
498,Viernes,19:28:18,10.571,Cardio,26.917
499,Martes,18:01:37,1.69,Musculacion,63.996
500,Lunes,19:43:11,0.995,Cardio,29.628
501,Lunes,18:57:34,1.434,Cardio,37.852
502,Miercoles,18:04:05,4.008,Cardio,50.773
503,Viernes,18:24:43,0.697,Musculacion,43.937
504,Viernes,18:07:59,2.684,Cardio,34.36
505,Sabado,10:38:09,0.728,Musculacion,66.258
506,Miercoles,18:40:04,12.347,Funcional,48.434
507,Viernes,18:17:18,3.36,Musculacion,42.55
508,Martes,20:39:44,1.262,Funcional,57.377
509,Viernes,20:18:34,0.516,Musculacion,84.446
510,Lunes,18:10:54,1.38,Cardio,28.27
511,Viernes,19:29:08,0.553,Musculacion,58.213
512,Sabado,09:59:52,4.514,Cardio,27.547
513,Viernes,20:00:53,0.01,Musculacion,60.418
514,Lunes,18:33:28,0.217,Cardio,19.631
515,Miercoles,18:40:04,12.357,Funcional,47.352
516,Viernes,19:28:18,10.64,Cardio,27.579
517,Miercoles,18:04:21,0.28,Musculacion,55.84
518,Martes,20:36:22,1.239,Cardio,27.141
519,Jueves,20:04:00,1.848,Cardio,33.582
520,Martes,18:24:44,0.97,Musculacion,45.99
521,Sabado,10:46:16,1.25,Cardio,37.38
522,Miercoles,18:58:12,5.273,Musculacion,55.065
523,Viernes,20:15:35,1.1,Cardio,17.77
524,Viernes,19:38:02,2.2,Cardio,28.74
525,Miercoles,20:57:22,1.23,Cardio,25.53
526,Lunes,18:14:21,1.27,Cardio,34.622
527,Miercoles,20:37:15,0.312,Musculacion,55.407
528,Miercoles,19:07:15,0.41,Funcional,58.05
529,Martes,20:03:20,3.932,Musculacion,55.829
530,Viernes,20:57:35,1.62,Cardio,29.31
531,Viernes,18:22:55,0.418,Cardio,36.0
532,Lunes,18:20:05,3.41,Cardio,20.6
533,Martes,20:09:45,0.326,Musculacion,36.585
534,Miercoles,18:47:54,0.461,Musculacion,65.418
535,Viernes,20:17:56,2.35,Funcional,59.504
536,Sabado,09:21:58,2.312,Cardio,31.677
537,Miercoles,19:22:01,11.366,Musculacion,53.601
538,Viernes,20:36:48,3.32,Musculacion,73.189
539,Miercoles,20:56:08,3.34,Funcional,66.9
540,Viernes,18:56:36,1.476,Cardio,18.136
541,Sabado,11:59:39,0.28,Musculacion,58.107
542,Jueves,20:39:57,14.804,Cardio,40.349
543,Jueves,20:43:07,1.61,Musculacion,60.85
544,Sabado,11:31:14,10.3,Cardio,35.157
545,Lunes,19:05:52,8.289,Cardio,42.802
546,Sabado,10:44:55,6.794,Cardio,31.37
547,Jueves,18:28:30,2.054,Funcional,60.013
548,Lunes,18:14:21,1.31,Cardio,34.51
549,Miercoles,20:52:47,2.328,Musculacion,66.318
550,Viernes,20:52:49,3.455,Cardio,41.463
551,Viernes,18:25:29,0.468,Cardio,31.831
552,Martes,18:43:44,3.686,Musculacion,52.308
553,Miercoles,19:42:59,0.382,Musculacion,48.726
554,Lunes,20:27:10,4.295,Cardio,28.049
555,Sabado,09:31:35,5.82,Cardio,31.08
556,Martes,19:04:16,12.815,Funcional,52.108
557,Lunes,20:19:17,0.993,Musculacion,64.138
558,Martes,19:59:21,9.262,Cardio,43.103
559,Martes,20:44:50,5.13,Musculacion,38.443
560,Jueves,20:23:56,11.334,Cardio,31.95
561,Lunes,19:26:14,0.843,Cardio,28.181
562,Lunes,19:54:58,2.822,Musculacion,60.271
563,Viernes,19:59:41,8.477,Musculacion,49.474
564,Sabado,10:09:27,2.099,Musculacion,58.271
565,Martes,20:09:22,6.049,Musculacion,42.218
566,Viernes,19:43:15,1.755,Cardio,33.961
567,Viernes,19:28:34,0.269,Musculacion,69.206
568,Viernes,19:47:28,3.75,Cardio,34.71
569,Viernes,18:07:59,2.716,Cardio,34.473
570,Viernes,19:02:48,1.56,Cardio,40.05
571,Martes,19:50:04,6.31,Musculacion,47.75
572,Jueves,18:19:11,2.92,Cardio,36.57
573,Martes,20:51:18,5.463,Cardio,30.895
574,Lunes,18:09:31,6.792,Cardio,27.634
575,Martes,19:50:04,6.235,Musculacion,48.316
576,Miercoles,20:15:56,5.7,Musculacion,52.44
577,Viernes,20:14:29,4.558,Cardio,43.316
578,Martes,20:09:22,6.052,Musculacion,41.098
579,Jueves,20:53:28,0.346,Musculacion,70.021
580,Viernes,20:00:53,0.165,Musculacion,60.698
581,Sabado,09:59:52,4.458,Cardio,26.636
582,Viernes,19:43:43,0.499,Funcional,52.58
583,Sabado,10:25:04,2.255,Musculacion,34.51
584,Viernes,20:00:46,1.162,Musculacion,44.718
585,Viernes,19:47:28,3.701,Cardio,34.905
586,Lunes,18:01:46,1.78,Funcional,51.48
587,Miercoles,18:40:20,0.265,Cardio,27.321
588,Viernes,20:00:46,1.123,Musculacion,44.492
589,Lunes,20:22:52,1.497,Cardio,33.074
590,Lunes,19:27:32,1.32,Cardio,39.316
591,Jueves,20:04:00,1.938,Cardio,33.838
592,Jueves,20:23:56,11.35,Cardio,31.88
593,Sabado,10:19:47,9.406,Musculacion,76.619
594,Miercoles,19:36:14,0.23,Cardio,24.82
595,Miercoles,19:42:59,0.258,Musculacion,49.039
596,Lunes,18:10:54,1.376,Cardio,27.688
597,Martes,20:35:10,14.15,Cardio,40.38
598,Viernes,19:59:41,8.562,Musculacion,49.497
599,Jueves,20:48:41,1.72,Cardio,30.47
600,Miercoles,20:57:22,1.171,Cardio,25.666
601,Jueves,20:53:28,0.389,Musculacion,69.828
602,Viernes,20:58:33,0.97,Cardio,45.35
603,Martes,18:51:15,4.87,Cardio,31.72
604,Miercoles,19:54:01,6.37,Funcional,30.93
605,Viernes,18:13:56,0.396,Cardio,44.074
606,Sabado,09:06:05,4.158,Cardio,23.491
607,Jueves,19:49:09,1.696,Cardio,33.073
608,Sabado,10:37:31,12.422,Musculacion,48.752
609,Sabado,10:07:19,1.073,Musculacion,57.34
610,Martes,20:38:30,1.092,Cardio,39.313
611,Miercoles,19:42:59,0.295,Musculacion,49.028
612,Lunes,19:43:11,0.859,Cardio,29.535
613,Lunes,20:27:10,4.286,Cardio,27.958
614,Viernes,18:55:06,5.605,Cardio,37.457
615,Jueves,20:02:02,7.26,Musculacion,67.32
616,Lunes,19:14:46,2.81,Cardio,32.7
617,Miercoles,20:15:56,5.792,Musculacion,52.149
618,Viernes,18:10:10,0.48,Musculacion,42.02
619,Viernes,20:00:53,0.159,Musculacion,61.38
620,Jueves,20:07:16,2.19,Funcional,59.44
621,Lunes,20:44:50,10.477,Cardio,25.777
622,Jueves,20:25:04,1.14,Cardio,38.37
623,Lunes,19:52:11,0.573,Cardio,30.022
624,Sabado,10:55:10,1.37,Cardio,32.108
625,Sabado,11:31:26,0.155,Cardio,12.945
626,Miercoles,18:27:43,10.753,Cardio,16.295
627,Martes,19:13:01,1.45,Cardio,29.26
628,Sabado,11:16:19,7.445,Cardio,44.946
629,Miercoles,20:37:15,0.346,Musculacion,55.738
630,Viernes,20:02:56,0.45,Musculacion,51.76
631,Viernes,19:09:21,5.43,Musculacion,25.34
632,Sabado,11:16:19,7.452,Cardio,44.976
633,Miercoles,20:10:14,16.22,Musculacion,46.38
634,Lunes,18:40:10,6.751,Cardio,25.774
635,Miercoles,19:42:59,0.223,Musculacion,48.461
636,Sabado,09:06:05,4.154,Cardio,22.913
637,Viernes,18:01:00,0.78,Cardio,38.06
638,Lunes,19:57:58,1.27,Cardio,31.79
639,Miercoles,18:40:04,12.35,Funcional,47.81
640,Viernes,20:17:56,2.371,Funcional,58.956
641,Martes,20:16:14,2.758,Musculacion,50.824
642,Martes,20:21:01,3.861,Musculacion,76.851
643,Lunes,20:27:10,4.292,Cardio,27.739
644,Viernes,20:55:58,2.882,Funcional,28.362
645,Miercoles,20:10:14,16.232,Musculacion,45.413
646,Lunes,19:26:14,1.054,Cardio,27.744
647,Lunes,18:57:34,1.42,Cardio,38.5
648,Martes,18:39:57,0.971,Funcional,53.557
649,Sabado,10:44:55,6.735,Cardio,31.813
650,Jueves,20:43:07,1.672,Musculacion,61.001
651,Martes,19:16:29,0.385,Musculacion,75.921
652,Lunes,18:54:38,1.758,Cardio,34.548
653,Lunes,18:33:28,0.211,Cardio,19.256
654,Jueves,20:04:00,1.944,Cardio,33.015
655,Viernes,18:56:36,1.456,Cardio,18.994
656,Lunes,19:51:42,2.062,Cardio,29.812
657,Sabado,09:54:38,1.33,Musculacion,50.66
658,Viernes,19:38:02,2.184,Cardio,28.576
659,Lunes,19:56:41,1.708,Funcional,25.89
660,Lunes,18:23:38,3.537,Cardio,27.415
661,Viernes,18:25:29,0.528,Cardio,31.136
662,Miercoles,20:57:22,1.132,Cardio,25.635
663,Jueves,20:41:31,0.52,Cardio,23.19
664,Lunes,18:41:25,1.25,Cardio,34.59
665,Miercoles,20:57:22,1.252,Cardio,25.137
666,Sabado,09:41:03,3.459,Cardio,33.999
667,Miercoles,19:47:39,4.594,Cardio,20.005
668,Martes,18:23:46,4.47,Musculacion,40.4
669,Sabado,10:10:25,0.96,Cardio,18.64
670,Sabado,10:04:33,4.656,Cardio,25.698
671,Sabado,10:38:09,0.63,Musculacion,66.66
672,Lunes,20:44:50,10.438,Cardio,26.634
673,Viernes,20:14:29,4.464,Cardio,42.56
674,Viernes,20:55:58,2.947,Funcional,27.489
675,Jueves,18:43:04,0.671,Musculacion,59.473
676,Lunes,18:28:31,0.556,Cardio,38.289
677,Viernes,19:47:28,3.764,Cardio,35.565
678,Lunes,20:01:32,3.59,Cardio,29.918
679,Lunes,18:28:31,0.521,Cardio,38.228
680,Viernes,20:53:02,0.127,Cardio,22.376
681,Viernes,20:00:53,0.154,Musculacion,61.552
682,Jueves,18:26:26,6.509,Funcional,52.109
683,Martes,20:13:17,3.407,Cardio,35.233
684,Viernes,19:35:51,1.701,Musculacion,68.272
685,Miercoles,18:58:12,5.237,Musculacion,54.295
686,Jueves,18:19:52,0.719,Funcional,54.484
687,Martes,18:43:44,3.813,Musculacion,53.235
688,Jueves,18:26:26,6.58,Funcional,52.267
689,Martes,19:16:06,3.09,Funcional,51.3
690,Viernes,18:10:10,0.449,Musculacion,41.615
691,Sabado,09:54:38,1.368,Musculacion,50.435
692,Jueves,18:16:16,16.264,Musculacion,57.175
693,Miercoles,20:52:47,2.311,Musculacion,66.619
694,Sabado,10:44:55,6.761,Cardio,32.018
695,Miercoles,18:58:12,5.28,Musculacion,54.75
696,Lunes,19:42:12,8.508,Cardio,26.182
697,Sabado,10:04:33,4.688,Cardio,26.657
698,Martes,20:35:10,14.069,Cardio,39.644
699,Martes,20:21:01,3.86,Musculacion,77.12
700,Sabado,11:40:58,1.749,Musculacion,61.02
701,Miercoles,18:40:20,0.26,Cardio,28.024
702,Jueves,18:52:29,2.419,Cardio,31.385
703,Jueves,18:26:26,6.562,Funcional,52.285
704,Jueves,18:50:05,6.976,Musculacion,54.017
705,Lunes,18:28:01,4.38,Cardio,29.67
706,Viernes,18:07:59,2.702,Cardio,34.056
707,Lunes,20:18:15,16.005,Cardio,40.311
708,Lunes,19:25:15,9.029,Cardio,43.115
709,Lunes,20:01:32,3.57,Cardio,30.46
710,Jueves,20:05:01,0.91,Cardio,39.02
711,Martes,19:13:01,1.469,Cardio,29.207
712,Lunes,18:41:43,0.289,Funcional,41.129
713,Sabado,10:04:33,4.68,Cardio,26.17
714,Martes,18:51:21,0.134,Musculacion,52.761
715,Jueves,20:12:35,3.696,Musculacion,70.583
716,Miercoles,18:40:20,0.187,Cardio,26.55
717,Viernes,19:41:24,1.019,Musculacion,75.715
718,Viernes,18:01:00,0.819,Cardio,38.399
719,Viernes,19:29:08,0.554,Musculacion,57.76
720,Lunes,20:54:40,9.724,Musculacion,51.189
721,Viernes,19:29:08,0.601,Musculacion,58.148
722,Jueves,19:54:46,5.561,Cardio,49.026
723,Martes,18:24:44,1.093,Musculacion,46.255
724,Viernes,19:28:18,10.569,Cardio,26.999
725,Sabado,09:25:46,3.8,Cardio,33.27
726,Viernes,20:49:25,2.232,Cardio,32.865
727,Lunes,18:33:17,0.35,Cardio,33.37
728,Lunes,19:56:41,1.72,Funcional,25.229
729,Miercoles,19:08:43,1.487,Musculacion,55.061
730,Lunes,19:27:32,1.359,Cardio,39.644
731,Miercoles,19:47:39,4.668,Cardio,20.654
732,Viernes,19:40:24,2.352,Cardio,32.58
733,Viernes,19:35:51,1.69,Musculacion,69.41
734,Jueves,20:45:43,0.16,Cardio,28.19
735,Martes,20:51:41,0.39,Cardio,46.98
736,Martes,18:19:18,8.716,Musculacion,57.486
737,Lunes,18:54:38,1.69,Cardio,34.65
738,Viernes,19:34:09,4.214,Cardio,28.359
739,Lunes,19:49:39,6.45,Musculacion,56.465
740,Martes,20:17:10,0.891,Musculacion,84.204
741,Martes,20:09:53,0.143,Cardio,18.158
742,Martes,20:09:45,0.427,Musculacion,37.575
743,Jueves,18:50:05,6.983,Musculacion,53.463
744,Viernes,18:56:36,1.521,Cardio,19.258
745,Jueves,20:04:07,0.147,Musculacion,72.19
746,Martes,18:19:18,8.761,Musculacion,57.054
747,Viernes,19:28:18,10.59,Cardio,27.17
748,Viernes,18:25:29,0.45,Cardio,31.6
749,Jueves,18:42:27,6.354,Funcional,42.227
750,Jueves,20:46:58,1.247,Cardio,20.387
751,Martes,20:37:24,0.72,Cardio,45.29
752,Viernes,20:02:29,1.552,Musculacion,58.624
753,Martes,18:46:23,2.65,Musculacion,38.12
754,Jueves,20:23:56,11.35,Cardio,31.02
755,Sabado,11:05:29,10.32,Cardio,18.96
756,Martes,20:09:45,0.4,Musculacion,36.883
757,Martes,20:13:17,3.4,Cardio,34.86
758,Jueves,20:45:43,0.187,Cardio,28.245
759,Sabado,10:25:04,2.21,Musculacion,33.401
760,Jueves,18:42:27,6.32,Funcional,42.18
761,Martes,19:16:29,0.39,Musculacion,76.16
762,Viernes,20:09:59,0.952,Musculacion,64.362
763,Viernes,18:22:55,0.399,Cardio,37.957
764,Viernes,20:36:48,3.14,Musculacion,74.177
765,Jueves,18:19:52,0.741,Funcional,54.766
766,Viernes,18:05:16,0.14,Cardio,36.61
767,Sabado,10:09:27,2.13,Musculacion,58.03
768,Viernes,20:09:59,0.99,Musculacion,65.44
769,Martes,20:21:01,3.862,Musculacion,77.026
770,Sabado,10:25:04,2.104,Musculacion,33.032
771,Lunes,20:29:53,2.617,Cardio,23.726
772,Miercoles,19:06:50,5.28,Musculacion,68.19
773,Sabado,10:55:10,1.408,Cardio,33.035
774,Lunes,18:16:40,2.315,Musculacion,56.127
775,Jueves,18:19:11,2.865,Cardio,37.125
776,Viernes,19:29:08,0.601,Musculacion,58.326
777,Viernes,20:18:34,0.602,Musculacion,84.001
778,Jueves,19:31:09,30.966,Funcional,60.545
779,Miercoles,20:37:15,0.376,Musculacion,56.108
780,Sabado,11:43:41,2.64,Musculacion,33.179
781,Miercoles,19:38:27,2.21,Musculacion,45.09
782,Miercoles,19:01:33,1.58,Funcional,42.82
783,Miercoles,20:23:30,5.232,Musculacion,45.136
784,Lunes,19:54:58,2.685,Musculacion,59.177
785,Lunes,19:06:21,0.569,Musculacion,59.443
786,Martes,18:01:37,1.63,Musculacion,64.38
787,Lunes,19:57:58,1.31,Cardio,31.688
788,Viernes,19:47:28,3.734,Cardio,35.321
789,Viernes,18:07:59,2.665,Cardio,34.443
790,Lunes,19:11:57,5.563,Cardio,43.609
791,Viernes,20:49:25,2.329,Cardio,32.111
792,Miercoles,19:36:01,6.034,Musculacion,54.249
793,Miercoles,18:15:04,10.71,Musculacion,50.38
794,Martes,20:38:30,1.174,Cardio,38.761
795,Lunes,20:59:02,0.295,Musculacion,58.467
796,Sabado,10:05:01,0.46,Musculacion,61.01
797,Sabado,09:55:21,0.702,Musculacion,53.374
798,Lunes,20:21:02,1.74,Musculacion,62.04
799,Martes,18:10:16,8.669,Musculacion,62.457
800,Viernes,20:02:29,1.526,Musculacion,59.48
801,Viernes,18:13:56,0.35,Cardio,43.84
802,Martes,20:57:56,0.18,Cardio,32.47
803,Lunes,18:09:31,6.79,Cardio,28.29
804,Lunes,19:27:32,1.402,Cardio,38.536
805,Sabado,10:37:31,12.441,Musculacion,48.743
806,Lunes,20:44:50,10.49,Cardio,25.73
807,Sabado,09:53:19,12.27,Cardio,29.96
808,Miercoles,19:42:42,3.696,Cardio,34.171
809,Sabado,09:06:05,4.262,Cardio,24.713
810,Lunes,19:14:46,2.845,Cardio,32.145
811,Miercoles,20:23:30,5.282,Musculacion,45.312
812,Jueves,18:42:27,6.343,Funcional,41.952
813,Jueves,20:45:34,2.441,Musculacion,49.375
814,Lunes,19:05:52,8.257,Cardio,42.451
815,Miercoles,18:15:04,10.693,Musculacion,50.469
816,Viernes,18:09:37,1.187,Cardio,33.931
817,Viernes,20:02:56,0.433,Musculacion,51.705
818,Jueves,18:19:52,0.67,Funcional,54.71
819,Miercoles,19:36:01,5.96,Musculacion,54.85
820,Miercoles,18:27:43,10.719,Cardio,15.476
821,Miercoles,20:36:55,0.949,Funcional,41.134
822,Martes,20:36:41,0.388,Cardio,25.109
823,Miercoles,20:36:55,1.011,Funcional,40.426
824,Lunes,20:29:53,2.73,Cardio,23.5
825,Lunes,18:14:21,1.261,Cardio,34.195
826,Viernes,18:13:36,3.502,Musculacion,54.944
827,Lunes,18:29:56,1.442,Cardio,21.772
828,Martes,20:13:17,3.334,Cardio,35.865
829,Miercoles,20:50:29,13.24,Cardio,43.61
830,Viernes,19:51:09,3.648,Cardio,27.626
831,Sabado,11:55:31,0.21,Cardio,20.287
832,Martes,18:10:36,0.353,Cardio,41.698
833,Sabado,09:01:53,1.889,Musculacion,54.624
834,Sabado,10:53:50,7.514,Funcional,32.968
835,Lunes,20:55:48,1.133,Musculacion,57.542
836,Lunes,18:41:43,0.29,Funcional,41.15
837,Lunes,18:47:20,5.634,Cardio,40.774
838,Lunes,19:43:11,0.98,Cardio,29.38
839,Sabado,10:22:51,1.31,Musculacion,34.288
840,Sabado,11:31:14,10.346,Cardio,35.49
841,Sabado,10:21:33,1.767,Cardio,43.042
842,Lunes,18:02:25,0.607,Cardio,44.88
843,Viernes,18:58:21,1.249,Musculacion,54.929
844,Jueves,20:43:07,1.633,Musculacion,61.186
845,Viernes,18:02:46,1.774,Cardio,19.874
846,Viernes,19:10:58,1.61,Funcional,36.104
847,Viernes,18:13:36,3.441,Musculacion,54.76
848,Martes,20:39:44,1.141,Funcional,58.093
849,Lunes,19:52:11,0.49,Cardio,30.71
850,Jueves,20:40:59,1.04,Cardio,20.47
851,Viernes,20:47:09,10.35,Funcional,39.89
852,Viernes,20:57:35,1.634,Cardio,29.326
853,Lunes,18:20:05,3.35,Cardio,20.878
854,Sabado,09:01:53,1.866,Musculacion,54.449
855,Martes,20:51:41,0.458,Cardio,45.926
856,Lunes,18:33:17,0.276,Cardio,33.416
857,Viernes,18:05:07,2.329,Musculacion,71.939
858,Jueves,18:43:04,0.62,Musculacion,59.09
859,Viernes,18:07:59,2.733,Cardio,34.376
860,Lunes,19:42:12,8.53,Cardio,25.511
861,Jueves,18:26:26,6.587,Funcional,52.691
862,Sabado,11:20:54,4.59,Cardio,44.56
863,Lunes,18:28:01,4.402,Cardio,29.12
864,Lunes,18:28:31,0.504,Cardio,38.058
865,Viernes,20:52:49,3.343,Cardio,40.051
866,Lunes,18:02:39,0.264,Musculacion,73.715
867,Lunes,18:13:03,2.147,Cardio,24.579
868,Lunes,18:02:25,0.721,Cardio,43.993
869,Jueves,20:07:16,2.161,Funcional,59.214
870,Martes,20:13:26,0.132,Musculacion,43.842
871,Lunes,18:40:10,6.71,Cardio,26.24
872,Miercoles,19:39:02,0.59,Musculacion,51.14
873,Viernes,20:00:53,0.184,Musculacion,60.545
874,Sabado,09:19:43,13.63,Cardio,36.13
875,Martes,20:45:55,1.22,Cardio,46.994
876,Sabado,09:01:53,1.91,Musculacion,54.357
877,Viernes,18:08:25,0.43,Cardio,19.15
878,Miercoles,18:59:58,1.77,Musculacion,56.41
879,Jueves,18:26:26,6.632,Funcional,52.203
880,Viernes,20:15:35,1.12,Cardio,17.742
881,Martes,20:38:30,1.14,Cardio,38.353
882,Jueves,20:46:58,1.24,Cardio,20.53
883,Miercoles,19:47:39,4.62,Cardio,20.749
884,Martes,20:57:46,3.721,Musculacion,39.891
885,Viernes,19:43:15,1.845,Cardio,33.004
886,Martes,20:51:41,0.372,Cardio,46.277
887,Lunes,20:29:53,2.787,Cardio,23.791
888,Martes,20:37:24,0.715,Cardio,45.695
889,Martes,19:04:16,12.933,Funcional,52.166
890,Sabado,10:05:01,0.451,Musculacion,60.827
891,Viernes,18:38:45,13.381,Musculacion,48.076
892,Lunes,20:19:17,1.03,Musculacion,64.02
893,Sabado,10:05:01,0.408,Musculacion,61.458
894,Jueves,19:00:06,7.6,Musculacion,54.33
895,Martes,20:37:24,0.654,Cardio,44.713
896,Jueves,20:12:35,3.7,Musculacion,71.01
897,Lunes,18:33:28,0.18,Cardio,20.17
898,Miercoles,20:15:56,5.693,Musculacion,52.038
899,Lunes,20:22:52,1.47,Cardio,32.8
900,Viernes,18:09:37,1.19,Cardio,33.63
901,Viernes,20:02:56,0.491,Musculacion,52.035
902,Lunes,19:14:46,2.79,Cardio,32.338
903,Sabado,10:38:09,0.616,Musculacion,66.655
904,Viernes,18:22:55,0.399,Cardio,35.83
905,Jueves,20:45:34,2.39,Musculacion,49.785
906,Viernes,20:15:35,1.082,Cardio,18.008
907,Jueves,18:19:11,2.88,Cardio,36.213
908,Martes,19:13:01,1.49,Cardio,29.562
909,Sabado,10:55:10,1.34,Cardio,32.81
910,Miercoles,19:36:01,5.885,Musculacion,54.764
911,Miercoles,19:38:27,2.232,Musculacion,45.297
912,Sabado,10:19:47,9.29,Musculacion,76.565
913,Viernes,19:41:24,1.0,Musculacion,75.12
914,Lunes,19:06:21,0.48,Musculacion,59.34
915,Sabado,10:53:50,7.57,Funcional,32.12
916,Viernes,20:15:35,1.14,Cardio,17.779
917,Miercoles,19:47:39,4.647,Cardio,19.29
918,Lunes,18:28:01,4.276,Cardio,29.972
919,Sabado,10:06:09,1.04,Cardio,24.161
920,Viernes,19:51:09,3.68,Cardio,28.68
921,Lunes,19:51:42,2.05,Cardio,30.12
922,Viernes,18:18:34,1.289,Cardio,31.431
923,Sabado,10:22:51,1.251,Musculacion,34.566
924,Miercoles,20:15:56,5.728,Musculacion,52.446
925,Martes,20:51:18,5.362,Cardio,29.891
926,Lunes,19:06:21,0.449,Musculacion,59.589
927,Miercoles,19:10:35,1.873,Cardio,34.431
928,Lunes,20:21:02,1.832,Musculacion,61.991
929,Lunes,20:19:17,1.102,Musculacion,64.981
930,Lunes,19:27:32,1.3,Cardio,39.32
931,Viernes,19:17:43,6.751,Funcional,49.04
932,Viernes,19:35:51,1.673,Musculacion,69.9
933,Viernes,18:13:36,3.42,Musculacion,54.9
934,Lunes,19:27:32,1.378,Cardio,39.154
935,Viernes,20:55:58,2.84,Funcional,28.514
936,Viernes,20:00:53,0.084,Musculacion,61.522
937,Martes,19:50:04,6.254,Musculacion,48.508
938,Martes,19:50:04,6.332,Musculacion,47.873
939,Jueves,18:50:05,7.084,Musculacion,54.289
940,Viernes,20:28:52,10.21,Musculacion,60.445
941,Lunes,18:02:44,0.145,Funcional,52.704
942,Sabado,11:16:19,7.455,Cardio,45.07
943,Miercoles,20:57:22,1.229,Cardio,25.796
944,Jueves,19:43:14,1.08,Cardio,21.05
945,Sabado,10:53:50,7.539,Funcional,31.828
946,Jueves,20:53:28,0.266,Musculacion,70.251
947,Jueves,19:49:09,1.68,Cardio,33.94
948,Viernes,20:47:09,10.419,Funcional,40.412
949,Lunes,20:01:32,3.553,Cardio,31.199
950,Viernes,18:25:02,0.22,Cardio,33.47
951,Lunes,19:25:15,9.122,Cardio,42.361
952,Viernes,20:00:53,0.182,Musculacion,60.548
953,Viernes,18:08:25,0.457,Cardio,20.15
954,Lunes,18:02:25,0.684,Cardio,43.718
955,Jueves,18:36:08,7.64,Cardio,31.41
956,Viernes,19:10:58,1.572,Funcional,37.825
957,Lunes,19:52:11,0.493,Cardio,30.213
958,Viernes,19:03:55,1.129,Musculacion,47.962
959,Miercoles,18:47:54,0.48,Musculacion,65.2
960,Viernes,19:43:15,1.84,Cardio,33.88
961,Jueves,20:41:31,0.471,Cardio,22.795
962,Martes,20:38:30,1.122,Cardio,39.66
963,Miercoles,18:04:05,4.08,Cardio,50.78
964,Miercoles,20:36:57,0.035,Funcional,47.285
965,Viernes,18:22:55,0.512,Cardio,36.443
966,Martes,18:51:21,0.122,Musculacion,54.703
967,Jueves,19:47:28,4.225,Musculacion,61.811
968,Sabado,10:53:50,7.667,Funcional,32.555
969,Miercoles,20:50:29,13.362,Cardio,43.098
970,Sabado,09:54:38,1.323,Musculacion,51.172
971,Miercoles,19:08:43,1.47,Musculacion,55.25
972,Lunes,20:54:40,9.83,Musculacion,51.14
973,Jueves,18:28:30,2.06,Funcional,59.77
974,Viernes,20:02:56,0.507,Musculacion,52.32
975,Lunes,19:16:12,1.429,Cardio,29.06
976,Viernes,18:55:06,5.58,Cardio,36.35
977,Viernes,20:18:34,0.663,Musculacion,83.925
978,Viernes,20:59:07,0.606,Cardio,9.795
979,Martes,20:37:24,0.693,Cardio,45.101
980,Viernes,20:00:53,0.13,Musculacion,60.75
981,Lunes,18:16:40,2.31,Musculacion,55.81
982,Jueves,19:42:09,11.01,Musculacion,58.75
983,Lunes,19:49:39,6.47,Musculacion,55.06
984,Miercoles,19:42:59,0.231,Musculacion,49.084
985,Miercoles,19:42:59,0.302,Musculacion,49.044
986,Sabado,09:01:53,1.89,Musculacion,54.35
987,Sabado,09:19:43,13.577,Cardio,36.023
988,Viernes,18:05:07,2.419,Musculacion,70.968
989,Sabado,11:16:19,7.4,Cardio,45.471
990,Lunes,19:26:14,0.938,Cardio,27.542
991,Sabado,11:08:52,3.341,Musculacion,61.718
992,Martes,18:46:23,2.693,Musculacion,38.184
993,Lunes,20:21:02,1.758,Musculacion,63.101
994,Sabado,10:21:33,1.711,Cardio,43.012
995,Lunes,18:33:17,0.339,Cardio,33.487
996,Sabado,09:41:03,3.44,Cardio,34.32
997,Lunes,19:43:11,0.985,Cardio,29.32
998,Sabado,11:59:39,0.33,Musculacion,57.91
999,Viernes,20:09:59,0.978,Musculacion,64.704
1000,Lunes,18:28:01,4.415,Cardio,29.507
